source1_entity_id	matched_entity_ids
S1-925783039	S2-157377754,S3-997698194,S2-517291332,S3-698172821
S1-773889195	S3-189140669,S3-622232873,S2-374107005,S3-161452820,S3-202893869,S2-970528089
S1-377745466	S3-402918963,S2-203037501,S3-836170816,S3-70942743
S1-133037285	S3-940895145,S2-103437512,S3-183080822,S3-33144658,S2-407207105,S3-476003339
S1-755362802	S2-587230276,S3-440254853
S1-851869949	S2-915265864,S3-949828938,S2-961342067,S2-801813753
S1-785847572	S2-682432196,S3-943437724,S3-145991649,S3-948163592
S1-27541239	S3-739757636,S2-199341916,S2-85756610,S3-893131105
S1-629417405	S2-928426462,S3-606982601,S3-962449159,S2-522538408,S3-438606634,S3-786131946,S3-613837325
S1-22305073	S3-221070872,S3-317068674,S2-578011604,S3-183589405
S1-504790211	S2-830972710,S2-482219248,S2-384272292,S3-582752221,S3-956253301,S2-939343525
S1-564729135	S2-256254095,S3-912418512,S3-209102076,S2-327309238,S3-165493359,S3-549899758
S1-236312382	S2-734049056,S3-591515133,S2-69010626
S1-865131206	S3-567734078,S3-652513823,S2-657355663,S3-219374335
S1-626914593	S3-594660686,S2-563003232
S1-765734254	S2-156753828,S3-179968484,S3-392778993
S1-82053739	S3-250737963,S3-618834296
S1-309349399	
S1-221443075	S2-861061618,S2-804818360,S3-815125209
S1-341506266	S2-762225006,S3-515150480
S1-990319941	
S1-597762257	S2-152865025,S2-750318376,S3-3248296,S2-535895394,S3-426660831
S1-661315962	S3-565216958,S2-906228400,S3-173691513,S3-558516991
S1-716574008	S2-233999366,S2-777687839,S2-149909235,S3-678385750,S3-738802926
S1-985038901	S3-612925439,S2-228558022,S2-895941180,S3-216786851
S1-404435514	S2-868566332,S2-89198096
S1-252242682	S2-568363011,S2-167308687,S3-527367881,S2-456524607,S2-84842746
S1-981440385	S2-374912494,S2-198083311
S1-883973644	S2-346262429
S1-17666546	S3-358598397,S3-144249320
S1-513115995	S3-936443358,S2-280138829
S1-791217329	S2-758463856,S2-610359841,S2-349287094
S1-602913883	S2-880137000,S2-837366545,S3-956365580,S3-664599872
S1-401372098	S2-687064785,S2-205646360,S2-58252265
S1-796227187	S3-637901841,S3-941018876,S2-356053713
S1-945437722	S2-337628826,S3-570426744
S1-982210261	S3-724446420,S3-224149694,S2-240496833,S3-224600177
S1-976369483	S2-546179661,S2-984109039,S3-960615760,S2-268873536,S2-896291492
S1-370715897	S2-603877664,S2-146449836,S3-200302884
S1-27029362	S3-688569314,S3-689563486,S2-523775206,S3-883141528
S1-145829425	S3-171820397,S2-597547471,S2-561844758,S3-898064155
S1-993527714	S3-623091575
S1-965555167	
S1-151608539	S2-128512750,S3-509257100,S3-91140513
S1-714672596	
S1-134898809	S3-307933717,S3-882276216,S3-994371548,S2-733711701
S1-500841209	S3-61034637,S3-480315753
S1-855787505	S3-143461326
S1-277072715	S2-276736886
S1-269656551	S3-637610456
S1-356020591	S3-915599795,S3-322334586
S1-627144525	
S1-514155563	S2-893936251,S2-946872072,S2-556405995,S3-54908638,S3-229519117,S3-663732554
S1-942221484	S2-981271757,S3-686152183,S2-575424170,S2-480015962
S1-966462381	S3-910178682,S3-816720679
S1-681392030	S3-340243016,S2-501358496,S3-476447318,S3-51004437
S1-492467148	S2-946846997
S1-791867209	S3-698772725
S1-951599976	S2-227003925,S2-907629838
S1-315450523	S2-945125430
S1-666876590	S2-409273,S2-975207252,S3-20969768,S3-847656632,S2-185860935
S1-913301865	S3-835772436,S2-871917871,S2-501080638,S2-448343421,S3-180684658
S1-216181354	S3-939820862,S2-302685491,S2-225919108,S3-685337179,S3-509236611
S1-454111437	S2-200378294,S2-532588837,S2-659407377,S2-617784610,S2-790403370,S2-171575965,S2-458884710,S2-469391978
S1-960158214	S2-552343324,S3-414038428
S1-743171772	S2-550708294,S2-556427757,S2-166364524,S2-914083138
S1-965549055	S3-537422052,S2-147779226,S2-71831978,S3-47511318
S1-947119891	S2-86974679,S2-164888409,S2-710754694,S3-128064048
S1-511561869	S3-223470686,S3-195462157,S3-526947744,S2-207363000,S2-414560620
S1-302710833	S3-77639341,S3-203698864,S2-888817530,S2-23803098,S2-546588882
S1-888660595	S3-305137974,S3-783479770,S2-268350287
S1-684656443	S2-815000108,S2-804463632,S3-611972573
S1-279914306	
S1-294547159	S3-974010547,S2-285581762,S3-802478494,S3-241582223,S2-601836374
S1-208973592	S3-645496810,S3-832332012,S3-931413846,S2-481660181,S3-135578226
S1-859252896	S3-373092726,S2-284342366
S1-630223771	S2-494260820,S3-496785125,S2-989597724,S3-587424087
S1-223600564	
S1-72918323	S3-860437856,S3-179297324,S3-833264802,S2-12325608
S1-754175313	S3-992076561,S2-174917371,S2-883521854,S3-412701641
S1-970518712	S2-239226917,S3-460357940,S2-763108962,S3-849723066
S1-366329737	S2-23560385,S3-845296458,S3-21765103
S1-708796012	S3-974934575,S2-994438467,S3-703951662,S3-335174066,S2-440628035,S3-338279058
S1-935703127	S3-695941880,S2-261786236,S2-351235736,S2-839058520
S1-981414798	S3-381585143,S3-713259746
S1-424529930	S3-749460022,S3-513647452,S2-856639211
S1-912508322	S2-276782865,S3-894743995,S3-768166043,S2-334957677,S2-974864172
S1-846028981	S3-57600493,S3-78080276,S3-473512786,S3-556955938
S1-318218643	S2-5757527,S3-220224280,S3-492516478
S1-970972284	S2-579880840,S2-904010001,S3-807299919
S1-435587816	S2-647226257,S3-295724377,S3-361957744,S2-600565084
S1-544301808	S2-152166163,S3-188100337
S1-20267366	
S1-379918793	S2-82178581
S1-106221717	S3-153987195,S3-440377204,S3-504945706,S3-381789336
S1-800482427	S3-321919925,S3-22228357,S3-338689364
S1-846529766	S2-786348574,S2-133143908
S1-761874846	S3-3574904,S2-926079239,S3-527332992,S2-719023480
S1-703200453	S3-485763252,S2-144163137
S1-746273151	S2-716687956
S1-432962984	S2-677326475,S2-373098884,S3-203836880,S3-162356362
S1-500552277	S3-602004752,S3-91306272,S3-523390882,S3-628706426,S2-613760087,S3-829483271
S1-446787657	S3-644702510,S3-109767703
S1-505869859	S2-253039316,S3-971950950,S3-882498611
S1-862092661	
S1-53323215	
S1-814475089	S3-107435140,S2-238559336,S3-814489031,S3-388645736,S2-366448075,S2-72193173,S3-720955181
S1-451077707	S3-360869121,S2-234537987,S3-92853611,S3-12361934
S1-448166395	S2-388220290,S3-886088195,S3-718780514,S3-111294485
S1-940115232	S3-946614984,S3-774677895,S2-492128678,S3-823552499
S1-472232440	S2-995936729,S2-344700160,S3-614462819
S1-800915873	S3-972510185,S2-877162430,S2-12305520,S3-595714899,S2-592882465
S1-21084577	S3-364924227,S2-19452549,S2-205227313
S1-978421811	S2-798657992,S2-346720876,S2-687120101,S3-453096432
S1-19400879	S3-528174812,S2-368764620,S3-608813266
S1-332410345	S2-85568547,S2-615350296,S3-147549265
S1-617455147	S2-639267012
S1-477458226	S3-943437724,S3-931784124
S1-173971969	S3-210351517,S2-292981300,S3-165312490
S1-907635568	S2-600961480,S3-444440266,S3-756417613,S2-115742424,S2-50264131
S1-374959431	
S1-596450212	S2-96970795,S3-991003018
S1-464797359	S3-290906196
S1-804300777	S3-232475819,S3-841228843,S3-291243842,S3-65482005,S2-217729012,S3-361448686
S1-305440895	S2-793023011,S3-292471555,S2-594436200,S3-210855008,S3-547827089
S1-145606139	S3-212135744,S2-999471757,S3-230789820
S1-368348061	S2-485175177,S3-387125361,S2-621867288,S3-832808344,S2-792202616
S1-46716098	S3-135087123,S3-214211825,S2-313914652,S2-989834083
S1-557464657	S3-406498606,S3-219424314
S1-8092452	S2-404025676,S3-183988476,S3-551271002
S1-216511119	S3-47618118,S2-143788454,S3-700997777,S2-645205818,S3-188861564,S3-245059775,S3-531690508
S1-499302167	S3-909488329,S3-76582686,S2-709626608,S3-795903271,S2-148775637,S3-112108004,S3-112888430,S2-127669900,S2-45522817,S3-469734598
S1-56985694	S2-143788454,S3-532768370,S2-849652682,S3-531690508
S1-417526535	S2-566526014,S3-888501071,S3-498182561
S1-382435344	S3-590488708,S3-455018200,S2-850859063,S3-356046991
S1-927651996	S3-508899690,S2-476737109,S3-92887877,S3-701215575
S1-613598143	S3-150094514,S2-495419923,S2-980172703,S2-742518143,S2-467289585,S2-121542712
S1-6232617	S3-233773599,S2-350187169,S2-555976504,S3-806345133,S3-137127422
S1-491925427	S2-206983600,S2-316603014,S3-927635993,S2-51368211,S2-944510200
S1-378164861	S3-593129031,S3-796747973,S3-256462990,S2-825460140,S2-52711585
S1-622231151	
S1-639096068	S3-515416988,S2-837803619,S3-134346326,S2-334697769,S3-150643293
S1-269039848	S3-30260686,S2-141962181,S2-523777271,S3-241756735
S1-408835967	S2-465211496,S3-654272727,S2-686036612,S2-671531215
S1-111673633	S3-445683675,S3-72536400
S1-460845609	S2-442653554,S2-41787526
S1-17506850	S2-254243056,S3-917774125,S2-398583958
S1-68201540	S3-509801092,S2-289059559,S3-454778716
S1-831843558	S3-932279798,S2-681892599
S1-63266922	S2-669009722,S3-528435002,S2-702144243,S2-904653523
S1-304785953	S3-924252420,S3-982408491,S2-818938450,S3-633775998
S1-740254254	S2-285568761,S2-482679078,S2-263513530,S2-855309230,S2-290998875
S1-836203525	S3-670603327,S3-163446442,S2-704413668,S3-289252379
S1-465739288	S3-435599270,S3-431096672,S2-586371985
S1-111065528	S2-808062793,S3-631970416,S2-28390752,S3-340441081,S3-232846963,S2-917662827,S2-464212494
S1-545601093	S3-781450721,S2-899758735,S3-764951392
S1-988516196	S3-799417795,S3-45345410,S2-39357842
S1-612217752	S2-554245491,S3-944912160
S1-846542666	S3-682021652,S2-805695464,S2-93290803,S3-503257684,S2-896746887,S3-229111159
S1-419483044	S3-120588781,S2-497881051,S2-708439842,S2-834046092,S2-828973635,S3-861998724
S1-787617931	S2-598018848,S2-863761700,S3-217603089
S1-535605149	S2-950867387,S2-751164711,S3-441844163
S1-848219519	S3-90847949,S3-832705877
S1-899782554	S3-562512025
S1-498738124	S2-603877664,S3-974705603,S2-218846957,S2-146449836
S1-748364403	S3-940222258,S3-355553997,S2-166464835,S3-949424666,S3-773858535
S1-622557613	S3-635948631,S3-618802292,S3-163454489,S3-344508848,S2-628909296,S2-187526768
S1-155027115	S2-780856981,S2-298914373
S1-417074218	S2-281309190,S3-171555434,S2-776251876,S3-387274034,S3-804702164
S1-63975497	S3-173550844,S2-443163148,S3-108066636,S3-272084888
S1-122492157	S3-128805477,S2-627886894
S1-483281264	S2-59557708,S2-135813138,S2-639567176,S3-992417216,S3-246582348
S1-140525226	S3-968874840,S2-122823927,S2-173583152,S3-173142466
S1-616755144	S3-608438229,S2-729275616,S2-638279881
S1-527727380	S2-59122190,S2-876358702,S3-746908655,S2-303500895
S1-387694500	S2-828925482,S3-469722658,S3-91755708,S2-750426664,S3-904486811,S2-89272121,S2-674345300,S2-960848454,S3-789542813
S1-664267481	S2-62672656,S3-313438593,S3-787923321
S1-798970125	S3-640319656,S2-253395504
S1-840279529	S2-310438906,S3-37907580,S3-906375248,S2-740597157
S1-624514617	S2-98658845,S3-158328543
S1-557783855	S2-26324258,S2-858086386,S3-408212372
S1-187558029	S3-995052021,S3-933157196,S2-273759983
S1-737635669	S3-662788874,S3-197753037,S3-480268996,S3-465835526,S2-471295552,S2-766796658,S3-857979338,S2-596317832
S1-499566732	S3-392428210,S2-79222030
S1-669754446	S2-492826161,S3-650018922,S2-714356581,S2-695643425
S1-356319224	S3-790284367,S2-714702079,S3-884878054,S2-577061900
S1-176550551	S3-183577431,S2-281514146,S3-74577378
S1-551688195	S3-199855200,S2-717382763,S2-960896533
S1-698189395	S3-571113917,S3-2730763,S3-214332307
S1-116737194	S2-158716458,S2-242454246,S3-215417480,S2-662170735
S1-136894582	S2-22011915,S2-868217429,S3-662764840,S3-975464331
S1-342754370	S3-795903271,S2-547395060,S2-440423232,S3-537026223,S3-463262879
S1-567349457	S3-70405454,S3-565190357,S3-295513461,S2-209454655
S1-468339122	S3-513775433
S1-615455408	S2-41001596,S2-351928254,S3-698451052,S2-579204842,S2-193907557
S1-971115873	S3-157894297,S3-16615435,S3-882368365,S2-257626404,S2-52896949,S2-538042585,S2-332024425
S1-260530670	S3-295373653,S2-958874359
S1-848777360	S2-824599437,S3-877940212
S1-705961596	S3-53750375,S3-762367919,S2-647049143
S1-685073108	S2-220631788,S3-61754636
S1-974991176	S3-766777210,S3-932406727,S3-225979015,S2-459448482,S2-673040435,S3-384867476
S1-297525707	S2-515961553,S3-623258076
S1-764937251	S3-693617701,S2-867209877
S1-915022305	S3-756557772,S3-857332206,S2-355615365
S1-16609748	S2-884975007,S2-54823044,S2-802982832,S3-400882561,S2-960730403,S2-358858367
S1-281051556	S2-885229183,S2-717396610,S2-92381673,S3-41844222,S2-539994792
S1-231271132	S2-98117592,S3-154966568,S3-18273658,S3-431034988
S1-536948776	S3-315892953,S2-769315859,S3-783545761,S3-51327360,S2-376450162
S1-241686597	S3-84276127,S3-276559406,S2-557917303,S2-521249860,S3-623309888,S2-552262560
S1-684505968	S3-769854633,S3-300894176,S2-965363180
S1-835425265	S3-830853417,S3-9987388,S3-847076297,S2-493112937,S2-825851111
S1-580966525	S3-948190117,S3-173698306,S2-987384275,S3-751775609,S2-687151539,S3-528192734
S1-945468839	S2-541414076
S1-386654734	S3-508283569
S1-579617619	S2-665542215,S2-58788523
S1-896836973	S3-324561668,S2-494098461,S2-650996664,S3-110953474
S1-881770296	S2-788437790,S3-989612942,S2-805782580,S3-828639935
S1-504059078	S3-539943866,S3-81915093,S2-588477363,S3-475719743,S3-197665109,S2-576213995
S1-828917180	S3-667380767,S2-374096933,S2-67200280,S3-801453291,S3-652476965
S1-973233920	S3-110090880,S3-159133847,S3-792460305,S2-428307002
S1-451892808	
S1-919867800	S3-6154731,S2-727311767,S2-164872813,S2-754363102,S3-44973213
S1-769172378	S2-713014713,S2-977119232,S2-754328130
S1-223621109	S3-548341368,S3-15370997,S2-262241482
S1-983652708	S2-265523806,S3-958817857
S1-904479856	S2-734625882,S2-990269864,S3-458171230,S2-282702620
S1-783021266	S2-474696089,S3-530494268,S2-784556099,S3-510421905,S3-837055216
S1-259452306	S3-787015231,S3-118331403,S2-547115644
S1-926958422	S2-823676093,S3-710318619,S3-478661923,S2-480015962
S1-19593330	S3-823204576,S3-786023108
S1-929809097	S2-22913879,S2-753114601,S2-591735846
S1-253986331	S3-607432877,S3-201224889,S2-132882662,S3-468708356,S2-989397932
S1-336167025	S3-193695161,S2-289660373,S3-620328785
S1-761585587	S2-801229590,S3-279160745,S2-509160915,S3-72688650,S3-331084086
S1-576153543	S3-190596250,S2-149416100,S3-323987800,S3-29955784,S2-563703169,S2-463164496
S1-948336320	
S1-109460220	S3-700706043
S1-699955992	S2-619457951,S3-69993000,S3-797447667,S3-105658018,S2-948092933,S3-130546119
S1-881535873	S3-724794232,S3-820808792,S3-896227623,S3-235111026,S2-642463929
S1-420936510	S2-836433740,S3-121800329,S2-588931168,S3-224485614
S1-928237806	S2-105966198,S3-143282123
S1-602775749	S2-161271237,S3-174000230,S3-630600412
S1-166601186	S2-747520536,S2-488014779,S3-743861068,S2-419629303
S1-139532667	S3-83993905,S2-615912556,S2-463164496
S1-391248994	
S1-217259238	S2-106099802,S3-489783956,S3-474463057,S2-172550558
S1-363414052	S2-669343208,S2-559623141,S3-821671998,S2-857674782
S1-719919136	S2-680886210,S3-882766547
S1-75134768	S2-623236074,S2-170486292
S1-174758675	S3-966491223,S3-266973130
S1-124712855	S3-147531883,S3-398500200,S2-889040389
S1-305403960	S2-771841018,S3-408212372,S2-942407057,S2-623734576,S3-885146871
S1-615738219	S3-6559536,S2-371140968,S2-736811334,S3-629355792
S1-925443249	S2-116616361,S3-657719376,S2-935239345
S1-635349757	
S1-300609714	S3-320627457,S3-577589794
S1-743936349	S2-961937751,S3-124991785,S2-121399524,S3-17193436,S2-394682076,S2-576715951,S3-541208023
S1-94297591	S3-792334727,S3-122350928,S3-470174573,S3-439143687,S3-815780246,S2-104406063,S2-442481350
S1-817802155	S2-681072683,S3-566171310,S2-390634222
S1-369711048	S2-114110522,S2-381042915,S2-656995921,S3-233375643
S1-501296085	S3-406930359,S2-604608859,S2-741247894,S3-328999650,S2-750808389,S2-693894963
S1-967153211	S2-920482764,S2-956355848,S3-517851393
S1-300031623	S2-52719775,S2-676401304,S3-394350891
S1-98579303	S3-719484948,S2-699210329,S3-894743995,S3-690119410,S2-485676726,S2-334957677,S2-974864172
S1-576857452	S3-245412518,S2-589736060,S3-462678740,S3-408212372,S3-534158896,S2-589475646,S2-282093815,S3-972657805,S2-51849291
S1-121839562	S2-813584879,S2-706264530,S2-842623290,S2-23421026,S2-502898971,S3-823205502
S1-79772943	S3-214703316,S3-706508309,S2-520554845
S1-694085192	S3-593835520,S2-820989203,S3-450544623,S3-433741264,S2-382062434
S1-525055772	S3-889633408,S3-758283141
S1-376690332	S2-787570292,S3-34402965,S2-579544296
S1-219548536	S3-206417184,S2-136041592,S2-9271989,S3-808807781
S1-410701476	S2-95757467,S2-659686073,S3-431811579,S3-828203053,S3-374691234,S3-912785417
S1-862338675	S3-460733328,S2-177685541,S3-489874367
S1-448345019	S3-245412518,S3-462678740,S3-408212372,S3-534158896,S2-670549181,S2-51849291,S3-452820751
S1-883829621	S2-50778208,S2-934657695,S3-516177694,S3-691381884
S1-153055996	S3-181553295,S3-877194530,S3-686485173,S2-612435488
S1-252433119	S3-531855168,S3-673614942,S3-713360144,S2-398533842
S1-324674388	S3-131280921,S3-556031955,S3-577061638,S2-902329766
S1-638466806	S3-831002390,S3-913224787,S3-603963007,S2-112143325,S3-944048747,S2-671312480
S1-827102573	S2-69779611,S3-348052580,S2-538642629
S1-989439466	S2-320065734,S3-904934213,S3-312396063,S2-179687447
S1-3732976	S3-277876534
S1-31205819	S3-704524429,S2-70151377,S2-673077177,S2-168770832
S1-895771779	S3-55241134,S2-452017697,S3-259890783
S1-29354465	S3-359160494,S2-146627312
S1-772189406	S2-702365338,S3-946359174,S3-357418127,S3-622416701
S1-872627167	S2-492149082,S2-517957119,S3-748462601,S2-758463856,S3-320445774,S2-349287094,S2-160277671
S1-173906255	S3-566253607,S3-160718806,S2-457325091
S1-566012078	S2-493824556,S3-473121222,S2-604643914,S3-386756595,S2-682737687,S2-311576151
S1-610266870	S2-912327667,S3-98319410,S2-541052850
S1-506810298	S2-269571963,S3-801235437,S3-257917123
S1-162806244	S3-737408373,S2-497044313,S3-383313443,S3-229585817,S3-187753130
S1-50643392	S3-962228452,S2-540963535
S1-395813861	S2-955787381,S3-314401223
S1-652331096	S2-152006595,S3-280025695,S2-57232621,S2-844451178,S3-470716283
S1-436985273	S2-488930867,S3-150259143
S1-336308856	S2-179240415,S3-467978363,S3-701158657,S3-316518837,S2-50405738
S1-459696014	S2-629751128,S2-148869978,S2-724357562,S3-811227952
S1-169008536	S2-121375598,S2-458855873,S2-875082763
S1-128347375	S3-848225821,S3-3248296,S2-243566223,S3-507291376
S1-493363382	S3-943728,S2-42425488,S3-769168220,S2-919906404
S1-457935815	S2-921287816,S2-410331822,S3-478670612
S1-924009686	S3-366237594,S2-266747048,S3-227737439
S1-820394674	S3-817289043,S2-431222152,S2-534884187,S3-443505567,S3-71026553
S1-116247627	S2-474566266,S3-399225632,S3-212907655,S2-430362798,S3-183591040,S3-88917139
S1-409451774	S3-266353951,S2-807412942,S2-439674692
S1-270844042	S2-259695698,S3-843758973,S3-864828455,S3-908786246,S3-669333916
S1-165891282	S3-598155472
S1-49032225	
S1-581797355	S3-197893491,S2-274005428,S2-851665324,S2-87828988,S2-983832712
S1-979042353	
S1-284710338	S2-950692401,S2-183695488,S3-865225995,S3-215858960
S1-812886866	S2-961213841,S2-541115908,S2-553306217,S3-970079239
S1-677741106	S2-460418351,S2-658878695,S3-604405347,S2-474342658,S3-841231723,S3-20445132,S2-745716915
S1-263481527	S3-392646529,S3-422873523,S3-992197225,S3-969277017
S1-447103941	S3-352754009,S3-556786353,S3-555505573,S2-533462314,S3-285137525,S2-135517972
S1-177375169	S3-606959953,S2-784656974
S1-706514314	S3-542401521,S2-182563931,S2-810456203,S3-801963382
S1-352234501	S3-218212591,S2-652730734,S2-164060088
S1-225119054	S3-742702989,S3-727018158
S1-543144015	S2-284196531,S2-935810015,S2-946732153
S1-233584777	S3-843155622,S3-794478258,S2-379294889
S1-192327811	S2-622284434,S2-154698750,S3-282250085
S1-993357110	S3-527865973,S2-174666741
S1-440023753	S3-970385735,S3-53438457,S2-708615457,S3-226050299
S1-854319024	S3-966218400,S2-200979513,S2-598981170,S3-167406655
S1-86094936	S2-750389241,S3-505894931,S2-28682309
S1-981904067	S3-380662124,S3-265456486
S1-832211747	S2-117631645,S2-516688341,S2-248395912,S2-923493046,S2-872587275
S1-488506845	S3-147695770,S3-912712047,S2-891565967
S1-654697159	S3-734974546,S2-750808389,S2-693894963,S2-741247894
S1-739195544	S3-160284335,S2-97351951,S2-317737115
S1-559551054	S3-875423510,S2-77895989,S3-506079036,S2-755202703
S1-580254632	S2-514675016,S3-934113203,S3-350330477
S1-405795474	S2-26964797,S2-220284155,S3-954945337
S1-765456522	S3-114086453,S3-256743745,S2-839415804
S1-55333937	S2-275401270
S1-876256279	S3-645487889,S2-480801123
S1-651095976	S3-289302549,S2-962975572,S3-376912282
S1-522840559	S2-340115948,S3-591927566,S3-172990447,S2-749481925,S3-696703583,S2-779790058
S1-601945198	S2-82157046,S3-781937274
S1-757082720	S3-625204142,S3-523780726,S2-343259555
S1-590134263	S2-592174269,S3-114835331,S3-855516191,S2-829268163
S1-842497118	S3-829576525,S2-324185926,S3-894080260
S1-326704888	S3-746350501,S2-372345516,S2-593839923,S3-325712392
S1-4869416	S3-945057243,S3-271046912
S1-720468760	S2-703072292,S3-464975135,S2-495098095
S1-93806322	S2-883521854,S2-715976968,S2-875972736,S2-675464330,S2-688963050,S3-473682994,S3-939469736,S2-818946606
S1-16642923	S3-498730021,S3-204724726,S2-393075989,S2-336781345,S2-386551598
S1-951871591	S2-838616809,S2-259547680,S3-764399082
S1-665355186	S2-275573747,S3-202461511,S2-243733605
S1-953470089	S3-613209073,S3-430129367,S3-300254136
S1-464105135	S3-138537298,S2-147990164,S2-682011165
S1-272091966	S3-237885546,S3-633771519,S3-135637278
S1-675959550	S2-84417274,S3-112098039,S2-500354211
S1-716442915	S2-998330328,S2-254363941
S1-657025372	S3-175982003,S2-376438059,S3-489362331,S2-442114921,S3-964679244,S3-851016597,S2-744647893
S1-958577120	S2-658672541,S2-614945214,S3-431823872,S3-502652881
S1-606480359	S2-961213841,S2-541115908,S3-23000002,S2-553306217,S2-527210577,S2-11895238,S3-970079239
S1-378652653	S3-96582083,S2-213067343,S3-200235828,S3-34002474
S1-24519478	S2-549881386
S1-539197690	S2-458208456,S3-506112215,S2-184526378,S2-443462047,S2-871400892,S2-212272105,S3-36991592
S1-977704542	S2-351212256,S3-386715527,S2-361585645
S1-338840619	S2-624410308,S2-844460747,S3-596935989,S2-122455982
S1-170960991	S3-121661753,S3-508229742,S2-254893866,S3-607336054,S2-674061727
S1-152967828	S3-449400755,S2-907012850,S3-281425091
S1-13859063	S2-377409714,S3-6154731,S2-164872813,S3-395381578,S2-754363102,S3-44973213
S1-152217425	
S1-113241674	S2-419561504
S1-711682948	S3-226996687,S2-988333437,S2-264493768,S3-637373544
S1-284209086	S2-334174902,S3-323666433,S3-23879087,S3-925326462,S2-183451887
S1-537478269	S2-671424679,S3-777428093
S1-208550511	S3-358047555,S3-569323110
S1-632136965	S3-745438343,S2-509179590,S3-322699324,S3-816085290
S1-133868991	S2-484840897,S2-209534171,S3-994863284,S2-291402594,S3-305893490,S3-535247730
S1-684878299	S2-574542032,S2-886563135,S3-854841789,S2-601570083
S1-281356776	S3-79293527,S2-437044709,S2-178183232
S1-40830766	
S1-89093509	S2-778006451,S3-3598545
S1-954595905	S2-533572108,S3-130221188,S3-642516522,S3-449406986
S1-287666599	S2-594570026,S2-107690465,S3-737314411,S2-207356341,S3-517645522
S1-952988982	S3-414880865,S2-572082020,S3-729037818
S1-349873839	
S1-279661956	S2-316914568,S3-254639992,S2-541717344,S3-6301534,S2-632427042
S1-353948236	S2-729275616,S3-843946011,S2-638279881
S1-126927804	S3-136895392,S3-955130682,S3-360907122,S3-891519289
S1-627443733	S3-709518255,S2-8382105,S2-876182064,S2-886223886
S1-280818643	S3-783212931
S1-974716750	
S1-85500745	S3-921649108,S2-969930748
S1-452308590	S3-36882355,S3-840115393,S3-410689366,S2-915075425
S1-330281696	S2-448188089,S3-566328140,S2-715976968,S2-675464330,S3-939469736,S3-790582857
S1-75862106	S3-970865082,S3-597288176,S3-867976920
S1-763496609	S3-319770057,S2-868047179,S2-346684703,S3-97879507,S3-510672652
S1-631165181	S2-235024825,S3-113123769,S2-464927504,S3-835344177,S3-790051539,S2-396816294
S1-737977090	S3-811761781,S3-951146800,S2-202370609
S1-987994833	S3-878747011,S2-758284577
S1-512288351	S2-123887941,S2-855618677,S3-78633139,S2-362326209
S1-198026451	S2-817939067,S3-439449015,S2-190691939,S3-474324703,S2-882023369
S1-493059116	S3-310087219,S2-802677520,S3-955189510
S1-708417088	S2-283750427,S3-128551007
S1-548116192	
S1-74901450	S2-684580276,S3-454466503,S2-291355621,S2-871137109,S2-294278231
S1-19868030	S2-317511124,S3-842118790,S2-73495217,S2-60528586
S1-460136045	S2-718987615,S2-983138087,S3-24612219,S3-420941419,S3-979319828
S1-332388880	S3-431585138,S3-743841292,S3-525459700,S2-317439682
S1-792880767	S2-62881940,S3-57868816,S3-902893136,S2-950206736
S1-457615425	S3-285082353,S3-400652925,S2-681856261,S3-559056940,S2-926575050,S3-116980960,S2-711939546
S1-396759763	
S1-944430830	S3-122364418,S2-857219094,S2-982990716
S1-90032658	S2-886047280,S2-106634547,S3-749559488,S2-943944964,S2-67505679,S3-188861564,S2-816832057
S1-483140947	S3-835590110,S3-579481799,S2-414820151,S3-160719213,S3-216980958
S1-566183725	S2-939439687,S3-401413843,S3-273723612,S2-558367710
S1-756304715	S2-527679139,S3-123207010,S3-162728080,S3-436972106,S2-786628048,S3-452336654
S1-306095185	S2-34449822,S3-261575641,S2-895797947,S2-989597724
S1-387418200	S3-386573427,S3-76032683,S3-373656844,S3-281322816,S2-836870603,S2-85757128
S1-500998121	S2-21055914,S2-79500755,S3-50449325
S1-362880192	S2-539395967,S2-307086892,S3-70868265
S1-932539298	S3-738678935,S2-780145988,S2-122443790,S2-857467191,S2-373243961
S1-98168281	S3-434039953,S3-509096169,S2-702845828
S1-839067903	S3-873143853,S2-392112864,S3-514997262,S3-809237962,S3-926186789
S1-572490154	S3-798426451,S2-232572988,S3-494335891,S2-239765393,S2-989847647,S2-915804541
S1-545582895	
S1-444149322	S2-601237515,S3-349623491,S3-633921162,S3-895241728
S1-232999426	S2-532588837,S3-307259379,S3-819575840,S2-469391978
S1-402046621	S2-366448075
S1-323747485	S2-750935570,S2-397480366,S3-13820604,S3-813632557,S3-610369855
S1-780502827	S2-868038729,S3-408625130,S3-844849007
S1-120433302	S3-768535966,S3-360838758,S3-784116632
S1-131038804	S2-655191371,S3-766103665,S3-508705806,S3-193182438
S1-436307824	S3-871943803,S2-343854221,S2-903016316
S1-314962839	S2-544825069,S3-10314010,S3-63045797
S1-804663373	S2-498698607,S2-271689113,S2-167155593
S1-760380153	S2-87789036,S2-1991568
S1-820935401	S2-362611633,S3-723520276,S2-458884710,S2-890315797,S2-200378294
S1-562989120	S2-358084731,S3-825790614,S2-619841405
S1-125331877	S2-357054405,S3-898976397,S2-20329354,S2-309315351,S3-193883951
S1-276322405	S3-772251564,S3-318701010
S1-71714945	S3-893472770,S2-803482289,S3-938264113,S2-105654906
S1-636549603	S2-111347047,S3-689111779,S2-658862971,S2-710665123
S1-147465602	S3-227088249,S2-942578603
S1-724291976	S3-618181395,S2-757383795,S3-392763259
S1-906281937	S3-408789370,S2-232038324,S3-51258129,S3-220915931,S2-175536134,S3-810053263
S1-97581850	S2-287401931,S3-60652506,S3-3248296,S3-447060680
S1-15005997	S2-502501897,S3-232851522,S3-153463654,S3-747454686,S2-730790380,S3-171582123
S1-866369736	S2-436908248,S3-673961941,S2-580478902,S2-534202335
S1-989125871	S3-540764595,S3-921982224
S1-447452795	S2-995233298,S3-366674728
S1-698954473	S2-493824556,S3-473121222,S2-604643914,S3-386756595,S2-682737687,S2-311576151,S2-75728777
S1-701741704	S2-755382991,S2-372427590,S2-629353884,S2-75964879,S3-224441801
S1-314045617	S3-491605587,S3-359536205
S1-832593986	S3-461693223
S1-889584874	S3-405213450,S2-994448288,S3-704811052,S2-738839367
S1-926018314	S3-840580350,S3-93258009,S3-61713436,S2-269390198
S1-90128015	S3-291341707,S3-989736227,S2-232725993,S2-682521929,S2-590587160
S1-748243940	S2-302608076,S3-817734159,S3-749582950
S1-543291404	S2-369294405,S3-13029611,S3-908384870
S1-878904744	S2-813691423,S3-198857086
S1-778456014	S2-740380664,S3-315273814,S2-441962131,S2-337228324
S1-887285254	S2-598675316,S3-153601743,S3-827334365,S3-36409185,S2-744775147
S1-387008828	S3-885808742,S2-434709895,S3-150134266
S1-338441694	
S1-407730822	S3-647020443,S2-83018575
S1-584442364	S2-443217275,S2-324017658
S1-590082446	S2-623734576,S3-678683280,S3-949636981,S2-410696375
S1-629969170	S2-334772260
S1-883468618	S2-587576840,S2-922415720,S3-322548379,S2-493824556,S3-473121222,S2-604643914,S3-386756595,S2-682737687,S2-311576151,S3-149911356
S1-904228116	S3-295583017,S3-52281916,S2-844183646,S3-820751238
S1-805104360	S3-549510792,S2-896654790,S2-75259798,S2-162763662,S3-980581622
S1-224534945	S3-141204833,S2-518930624,S3-957821128
S1-631840437	S2-475034762,S2-457837268,S2-816744528,S3-664554414
S1-117902162	S2-689046707,S3-43390571
S1-381957415	S3-888417008,S2-422911858,S2-380947443,S3-538767270
S1-258353664	S3-213915027,S2-546821025,S2-454076205
S1-745976550	S2-749740915,S2-133247299
S1-164240371	S2-652495630,S2-60257526,S3-460868914,S3-158225838
S1-346603579	S2-514395311
S1-328371553	S2-416709807,S2-737909912,S3-161420635,S2-498981187,S2-972054383,S3-891485904,S3-484859365
S1-542424915	S3-850821964,S2-595379635
S1-116081375	S3-858500389,S2-320556822,S3-748882997,S2-588434156,S2-639843159,S2-600462597,S2-857919718
S1-956108284	S3-342618178,S2-14912699,S2-447294620
S1-599703679	S2-615230476,S2-493073458,S3-454365443,S2-456984188
S1-159067707	S2-350100406,S2-528635367,S2-800147797
S1-590285242	S2-873652487,S3-573566051
S1-378978603	S2-319300693,S3-921016187
S1-730858380	S3-939820862,S3-678683280,S2-458053768
S1-101076392	S3-897406794,S2-638267433,S2-293182344,S2-778615858
S1-635491453	S2-80171195,S2-721953959,S2-253643954,S3-519535235,S3-881939056,S2-896610416
S1-148845479	S2-692734123,S2-479448163,S3-280699192,S2-480666912,S3-685608585
S1-29696416	S3-939820862,S2-831935136
S1-684012770	S3-738448811,S3-319677962,S2-724887083
S1-71172417	S2-808148942,S2-607514252,S3-806740086
S1-8813651	S3-499691865,S3-491490554,S3-965237238,S2-794077082,S3-585334001
S1-183363639	S3-607673931,S2-662575647
S1-999555430	S3-423974088,S3-1804865,S2-611061328,S3-856934462
S1-633779655	S2-334509084
S1-913042783	
S1-558031216	S2-711496725,S3-472244709
S1-690538628	S2-937863474,S3-64108781,S2-419717885
S1-86804153	S2-544802052,S2-844614219,S2-941915019,S3-90236076,S2-403191215
